{
  "hash": "a28e80af",
  "configHash": "e42ec309",
  "lockfileHash": "0b62c2e4",
  "browserHash": "97209fc6",
  "optimized": {
    "@angular/cdk/bidi": {
      "src": "../../../../../../node_modules/@angular/cdk/fesm2022/bidi.mjs",
      "file": "@angular_cdk_bidi.js",
      "fileHash": "ed5f5164",
      "needsInterop": false
    },
    "@angular/cdk/scrolling": {
      "src": "../../../../../../node_modules/@angular/cdk/fesm2022/scrolling.mjs",
      "file": "@angular_cdk_scrolling.js",
      "fileHash": "1c799472",
      "needsInterop": false
    },
    "@angular/cdk/text-field": {
      "src": "../../../../../../node_modules/@angular/cdk/fesm2022/text-field.mjs",
      "file": "@angular_cdk_text-field.js",
      "fileHash": "8e2f6b8e",
      "needsInterop": false
    },
    "@angular/common": {
      "src": "../../../../../../node_modules/@angular/common/fesm2022/common.mjs",
      "file": "@angular_common.js",
      "fileHash": "6f97f2fb",
      "needsInterop": false
    },
    "@angular/common/http": {
      "src": "../../../../../../node_modules/@angular/common/fesm2022/http.mjs",
      "file": "@angular_common_http.js",
      "fileHash": "e2ec7900",
      "needsInterop": false
    },
    "@angular/core": {
      "src": "../../../../../../node_modules/@angular/core/fesm2022/core.mjs",
      "file": "@angular_core.js",
      "fileHash": "6ca2b376",
      "needsInterop": false
    },
    "@angular/forms": {
      "src": "../../../../../../node_modules/@angular/forms/fesm2022/forms.mjs",
      "file": "@angular_forms.js",
      "fileHash": "5920c8b0",
      "needsInterop": false
    },
    "@angular/material/button": {
      "src": "../../../../../../node_modules/@angular/material/fesm2022/button.mjs",
      "file": "@angular_material_button.js",
      "fileHash": "68b0d280",
      "needsInterop": false
    },
    "@angular/material/card": {
      "src": "../../../../../../node_modules/@angular/material/fesm2022/card.mjs",
      "file": "@angular_material_card.js",
      "fileHash": "4d997b62",
      "needsInterop": false
    },
    "@angular/material/form-field": {
      "src": "../../../../../../node_modules/@angular/material/fesm2022/form-field.mjs",
      "file": "@angular_material_form-field.js",
      "fileHash": "4939ccd2",
      "needsInterop": false
    },
    "@angular/material/icon": {
      "src": "../../../../../../node_modules/@angular/material/fesm2022/icon.mjs",
      "file": "@angular_material_icon.js",
      "fileHash": "ca6e8082",
      "needsInterop": false
    },
    "@angular/material/input": {
      "src": "../../../../../../node_modules/@angular/material/fesm2022/input.mjs",
      "file": "@angular_material_input.js",
      "fileHash": "b889255a",
      "needsInterop": false
    },
    "@angular/material/paginator": {
      "src": "../../../../../../node_modules/@angular/material/fesm2022/paginator.mjs",
      "file": "@angular_material_paginator.js",
      "fileHash": "c758fbfe",
      "needsInterop": false
    },
    "@angular/material/progress-spinner": {
      "src": "../../../../../../node_modules/@angular/material/fesm2022/progress-spinner.mjs",
      "file": "@angular_material_progress-spinner.js",
      "fileHash": "7c187261",
      "needsInterop": false
    },
    "@angular/material/select": {
      "src": "../../../../../../node_modules/@angular/material/fesm2022/select.mjs",
      "file": "@angular_material_select.js",
      "fileHash": "29f31da2",
      "needsInterop": false
    },
    "@angular/material/sort": {
      "src": "../../../../../../node_modules/@angular/material/fesm2022/sort.mjs",
      "file": "@angular_material_sort.js",
      "fileHash": "5e2e92c8",
      "needsInterop": false
    },
    "@angular/material/table": {
      "src": "../../../../../../node_modules/@angular/material/fesm2022/table.mjs",
      "file": "@angular_material_table.js",
      "fileHash": "02475376",
      "needsInterop": false
    },
    "@angular/platform-browser": {
      "src": "../../../../../../node_modules/@angular/platform-browser/fesm2022/platform-browser.mjs",
      "file": "@angular_platform-browser.js",
      "fileHash": "452eee4b",
      "needsInterop": false
    },
    "@angular/platform-browser/animations": {
      "src": "../../../../../../node_modules/@angular/platform-browser/fesm2022/animations.mjs",
      "file": "@angular_platform-browser_animations.js",
      "fileHash": "27cbabdb",
      "needsInterop": false
    },
    "zone.js": {
      "src": "../../../../../../node_modules/zone.js/fesm2015/zone.js",
      "file": "zone__js.js",
      "fileHash": "63a91fb4",
      "needsInterop": true
    }
  },
  "chunks": {
    "chunk-JEF4JXHP": {
      "file": "chunk-JEF4JXHP.js"
    },
    "chunk-5OVRPRAD": {
      "file": "chunk-5OVRPRAD.js"
    },
    "chunk-QDWJHGP4": {
      "file": "chunk-QDWJHGP4.js"
    },
    "chunk-MGXGMQZN": {
      "file": "chunk-MGXGMQZN.js"
    },
    "chunk-QF5BLPUX": {
      "file": "chunk-QF5BLPUX.js"
    },
    "chunk-5Z6HF2IP": {
      "file": "chunk-5Z6HF2IP.js"
    },
    "chunk-HHJZDWBK": {
      "file": "chunk-HHJZDWBK.js"
    },
    "chunk-AL5TY47D": {
      "file": "chunk-AL5TY47D.js"
    },
    "chunk-YXN44HOK": {
      "file": "chunk-YXN44HOK.js"
    },
    "chunk-JEDLJ6KM": {
      "file": "chunk-JEDLJ6KM.js"
    },
    "chunk-RR54723Z": {
      "file": "chunk-RR54723Z.js"
    },
    "chunk-JELCEH6Y": {
      "file": "chunk-JELCEH6Y.js"
    },
    "chunk-SWPYLR6W": {
      "file": "chunk-SWPYLR6W.js"
    },
    "chunk-KAPXTIMC": {
      "file": "chunk-KAPXTIMC.js"
    },
    "chunk-NXH5KPML": {
      "file": "chunk-NXH5KPML.js"
    },
    "chunk-YFYIOXUM": {
      "file": "chunk-YFYIOXUM.js"
    },
    "chunk-POXABKTP": {
      "file": "chunk-POXABKTP.js"
    },
    "chunk-EOFW2REK": {
      "file": "chunk-EOFW2REK.js"
    },
    "chunk-C4ZQHSK5": {
      "file": "chunk-C4ZQHSK5.js"
    },
    "chunk-OQ4GDDT5": {
      "file": "chunk-OQ4GDDT5.js"
    },
    "chunk-GJA5MZ4Q": {
      "file": "chunk-GJA5MZ4Q.js"
    },
    "chunk-4YOHNZ5Q": {
      "file": "chunk-4YOHNZ5Q.js"
    },
    "chunk-RTPSSVGP": {
      "file": "chunk-RTPSSVGP.js"
    },
    "chunk-M54PZ5A2": {
      "file": "chunk-M54PZ5A2.js"
    },
    "chunk-WDMUDEB6": {
      "file": "chunk-WDMUDEB6.js"
    }
  }
}